fahrzeug_id,marke,modell,ps,treibstoff,preis,year
66WBA85DP030N204,BMW,X3,178,Benzin,103235,20230918
2821WBSTS010909B,BMW,X3,510,Benzin,95590,20220117
2820WBSTS010909B,BMW,X3,510,Benzin,92937,20220117
1818WBA31CH040CJ,BMW,5er-Reihe,286,Diesel,88206,20220907
1283WBA31AJ0X0CL,BMW,5er-Reihe,286,Diesel,87890,20230207
2809WBA51DZ060FJ,BMW,3er-Reihe,340,Diesel,86790,20220120
399WBA31AJ070CL2,BMW,5er-Reihe,286,Diesel,86438,20230707
1411WBA31CH0X0CL,BMW,5er-Reihe,286,Hybrid,86350,20221228
2555WBA31AJ05MCG,BMW,5er-Reihe,286,Diesel,85668,20220317
1212WBA31AJ010CK,BMW,5er-Reihe,288,Diesel,84150,20230222
786WBA51AJ060CK0,BMW,5er-Reihe,340,Diesel,83634,20230504
1654WBA31CH030CJ,BMW,5er-Reihe,286,Hybrid,82500,20221017
113WBA31CH090CL7,BMW,5er-Reihe,286,Hybrid,82038,20230912
1263WBA31AH080CL,BMW,5er-Reihe,285,Diesel,81697,20230210
120WBA85BZ070N18,BMW,X3,286,Diesel,80289,20230908
1562WBA31CG0X0CK,BMW,5er-Reihe,292,Elektro,79200,20221117
928WBA85BZ05NN12,BMW,X3,286,Diesel,78397,20230407
857WBA31AJ020CL1,BMW,5er-Reihe,286,Diesel,77990,20230421
536WBA61DP0009M9,BMW,X3,184,Elektro,77452,20230614
2720WBAUZ9505MN0,BMW,X3,286,Diesel,77000,20220214
375WBA6N11030FM5,BMW,3er-Reihe,374,Benzin,77000,20230713
1100WBA31CG030CL,BMW,5er-Reihe,184,Hybrid,76978,20230313
1012WBA11BZ0909M,BMW,X3,190,Diesel,76868,20230329
685WBA31AJ010CL9,BMW,5er-Reihe,286,Diesel,76175,20230522
2674WBAUZ9506MN0,BMW,X3,286,Diesel,76120,20220222
2892WBAUZ9509MN0,BMW,X3,286,Diesel,75900,20211216
828WBA31CG010CL5,BMW,5er-Reihe,184,Hybrid,75860,20230427
197WBA6N11060FL8,BMW,3er-Reihe,374,Benzin,75449,20230823
1401WBA31CG040CK,BMW,5er-Reihe,184,Hybrid,75423,20221230
2907WBA51AJ0X0CG,BMW,5er-Reihe,340,Diesel,75350,20211014
1262WBA31AH080CL,BMW,5er-Reihe,285,Diesel,75339,20230210
1137WBA51BN000CJ,BMW,5er-Reihe,190,Diesel,74789,20230307
2466WBA31CG040CG,BMW,5er-Reihe,184,Elektro,74712,20220405
447WBA11BZ0209M6,BMW,X3,190,Diesel,74250,20230629
664WBA55DP090N16,BMW,X3,245,Benzin,73676,20230524
5WBA85BZ010N1810,BMW,X3,286,Diesel,73124,20231006
1800WBA51DZ0X0FM,BMW,3er-Reihe,340,Diesel,72589,20220909
388WBA61DP0509P5,BMW,X3,292,Benzin,72050,20230711
2237WBA31AH080CK,BMW,5er-Reihe,286,Diesel,71940,20220525
2236WBA31AH080CK,BMW,5er-Reihe,286,Diesel,71500,20220525
3036WBA6N11070FJ,BMW,3er-Reihe,374,Benzin,71500,20200416
1156WBA51BL060WX,BMW,5er-Reihe,190,Diesel,71500,20230303
1240WBAUZ9504MN1,BMW,X3,286,Diesel,71489,20230216
1560WBA15BZ070N1,BMW,X3,190,Diesel,71489,20221117
1721WBA61DP0209L,BMW,X3,184,Hybrid,71393,20220930
1787WBA51BL040CJ,BMW,5er-Reihe,190,Diesel,71390,20220913
1637WBA51BN060CJ,BMW,5er-Reihe,190,Diesel,71390,20221021
1163WBA85BZ030N1,BMW,X3,286,Diesel,71390,20230303
126WBA31AH02NCK2,BMW,5er-Reihe,285,Diesel,71390,20230908
356WBA31AJ080CH2,BMW,5er-Reihe,285,Diesel,70884,20230719
125WBA61DP0109R1,BMW,X3,184,Hybrid,70840,20230908
1656WBA31CG090CK,BMW,5er-Reihe,184,Benzin,70701,20221017
1265WBAUZ950XMN0,BMW,X3,285,Diesel,70532,20230210
2325WBAUZ9509MN0,BMW,X3,285,Diesel,70400,20220511
2137WBA61DP0809K,BMW,X3,292,Benzin,70389,20220620
1658WBA15BZ020N1,BMW,X3,190,Diesel,70389,20221014
751WBA15BZ090N17,BMW,X3,190,Diesel,70290,20230511
565WBA15BZ020N13,BMW,X3,190,Diesel,70290,20230609
1523WBA15BZ080N1,BMW,X3,190,Diesel,70290,20221130
1261WBA61DP0409M,BMW,X3,184,Hybrid,70169,20230213
1960WBAUZ9507MN0,BMW,X3,285,Diesel,69850,20220729
834WBA31CG030CL8,BMW,5er-Reihe,292,Hybrid,69850,20230427
1475WBA61DP0409M,BMW,X3,184,Hybrid,69625,20221214
2016WBAUZ9501MN0,BMW,X3,286,Diesel,69300,20220718
2070WBA51BN020CG,BMW,5er-Reihe,190,Diesel,69256,20220706
2496WBA51BN02NCH,BMW,5er-Reihe,190,Diesel,68728,20220331
21WBA51BL020WX86,BMW,5er-Reihe,190,Diesel,68618,20230929
162WBA51BN0X0CL7,BMW,5er-Reihe,190,Diesel,68200,20230830
1586WBA15BZ010N1,BMW,X3,190,Diesel,68200,20221110
2123WBATX75020N0,BMW,X3,265,Diesel,67650,20220622
1488WBA15BZ090N1,BMW,X3,190,Diesel,67650,20221212
2096WBA51BN09NCH,BMW,5er-Reihe,190,Diesel,67639,20220629
1363WBA15BZ080N1,BMW,X3,190,Diesel,67628,20230112
211WBA31AJ050CL9,BMW,5er-Reihe,258,Diesel,67600,20230821
2144WBA61DP0009J,BMW,X3,184,Hybrid,67416,20220615
711WBA51BL040CM2,BMW,5er-Reihe,190,Diesel,67100,20230516
785WBA31CG010CM2,BMW,5er-Reihe,292,Benzin,67100,20230504
2366WBA31BG0609H,BMW,X3,190,Diesel,66660,20220428
360WBA61EE0X05V9,BMW,X1,204,Benzin,66550,20230718
1756WBA31BG0909H,BMW,X3,190,Diesel,66550,20220922
1178WBA31CG040CL,BMW,5er-Reihe,177,Hybrid,66522,20230301
1119WBA71CY0X0FN,BMW,3er-Reihe,184,Hybrid,66440,20230309
1641WBA61DP0609M,BMW,X3,183,Hybrid,66000,20221020
2544WBA35BG010N1,BMW,X3,190,Diesel,66000,20220318
906WBA15BZ0X0N13,BMW,X3,190,Diesel,66000,20230413
2198WBA6N71050FK,BMW,3er-Reihe,184,Hybrid,65989,20220607
1019WBA11CH080CM,BMW,5er-Reihe,292,Benzin,65989,20230327
1039WBA51BN030CM,BMW,5er-Reihe,190,Diesel,65890,20230323
1419WBA11BZ0109L,BMW,X3,190,Diesel,65890,20221223
1833WBA11CH050CJ,BMW,5er-Reihe,184,Hybrid,65890,20220906
778WBA51BL090WX7,BMW,5er-Reihe,190,Diesel,65890,20230505
2232WBA6K7102MFK,BMW,3er-Reihe,258,Benzin,65890,20220527
1171WBA61DP0909M,BMW,X3,184,Hybrid,65890,20230302
2767WBA11AH010CF,BMW,5er-Reihe,286,Diesel,65868,20220131
2468WBA35BG080N1,BMW,X3,185,Diesel,65868,20220404
1304WBA51BN00NCH,BMW,5er-Reihe,190,Diesel,65769,20230130
1856WBA51BN00MCH,BMW,5er-Reihe,190,Diesel,65450,20220830
1509WBA15BZ020N1,BMW,X3,190,Diesel,65450,20221206
2021WBATS110709H,BMW,X3,184,Hybrid,65450,20220715
2361WBA6N5104MFL,BMW,3er-Reihe,286,Diesel,65344,20220428
682WBA15BZ050N15,BMW,X3,622,Benzin,64955,20230522
2303WBA6N5108MFL,BMW,3er-Reihe,286,Diesel,64900,20220513
637WBA71CY040FN8,BMW,3er-Reihe,184,Hybrid,64899,20230531
2521WBA6N5100MFL,BMW,3er-Reihe,286,Diesel,64889,20220325
849WBA15BZ010N13,BMW,X3,190,Diesel,64889,20230424
1335WBA15BZ020N1,BMW,X3,190,Diesel,64889,20230119
782WBA61EE0405V9,BMW,X1,204,Benzin,64845,20230505
2258WBA5Y11070FK,BMW,3er-Reihe,286,Diesel,64845,20220523
1550WBA11BZ0909K,BMW,X3,190,Diesel,64735,20221124
1884WBA51AH080CK,BMW,5er-Reihe,340,Diesel,64706,20220822
2768WBA11CH070CH,BMW,5er-Reihe,184,Hybrid,64350,20220131
1795WBA61DP0709J,BMW,X3,184,Hybrid,64350,20220912
345WBA11CH090CK4,BMW,5er-Reihe,184,Hybrid,64121,20230720
2714WBA35BG040N0,BMW,X3,190,Diesel,64119,20220215
1640WBA61DP0609M,BMW,X3,183,Hybrid,63965,20221020
992WBATS110X09H8,BMW,X3,184,Hybrid,63800,20230331
893WBA15BZ080N14,BMW,X3,190,Diesel,63800,20230414
2323WBA31DZ070FM,BMW,3er-Reihe,190,Diesel,63800,20220511
70WBA6K71050FM83,BMW,3er-Reihe,258,Benzin,63734,20230915
339WBA11BZ0309K4,BMW,X3,190,Diesel,63690,20230720
24WBA51BL020WX86,BMW,5er-Reihe,190,Diesel,63690,20230929
1655WBA35BG050N1,BMW,X3,190,Diesel,63250,20221017
2062WBA11BJ060CG,BMW,5er-Reihe,254,Benzin,63250,20220707
2839WBA11AH050CG,BMW,5er-Reihe,286,Diesel,63250,20220113
1339WBA51BN05NCH,BMW,5er-Reihe,190,Diesel,62964,20230118
1180WBA11EG0905W,BMW,X1,150,Diesel,62920,20230301
2628WBA35BG040N1,BMW,X3,190,Diesel,62700,20220303
352WBA31AJ080CH2,BMW,5er-Reihe,285,Diesel,62689,20230719
41WBATS31040LF50,BMW,X3,354,Benzin,62667,20230921
419WBA11EG0205V7,BMW,X1,150,Diesel,62615,20230704
777WBA6N71020FM3,BMW,3er-Reihe,184,Hybrid,62590,20230505
181WBA11AJ09MCF5,BMW,5er-Reihe,285,Diesel,62590,20230825
1722WBA35BG000N1,BMW,X3,190,Diesel,62590,20220929
1598WBA51BN01NCH,BMW,5er-Reihe,190,Diesel,62590,20221108
1093WBA31CG040CM,BMW,5er-Reihe,184,Elektro,62370,20230314
1767WBA35BG050N1,BMW,X3,190,Diesel,62150,20220920
1567WBA6N71010FM,BMW,3er-Reihe,184,Hybrid,61919,20221116
1356WBA15BZ080N1,BMW,X3,190,Diesel,61710,20230112
1274WBATX95050ND,BMW,X3,326,Diesel,61600,20230209
1516WBATS31010LF,BMW,X3,360,Benzin,61600,20221202
1405WBA51BN03MCH,BMW,5er-Reihe,190,Diesel,61600,20221229
252WBA51BL050WY0,BMW,5er-Reihe,190,Diesel,61600,20230810
382WBA6N51000FL3,BMW,3er-Reihe,285,Diesel,61578,20230712
147WBA6N71080FL1,BMW,3er-Reihe,183,Benzin,61511,20230901
1029WBA51BN070CG,BMW,5er-Reihe,190,Diesel,61490,20230324
349WBA51BN08NCH8,BMW,5er-Reihe,190,Diesel,61479,20230719
932WBA5Y1101MFL3,BMW,3er-Reihe,286,Diesel,61270,20230407
1531WBA51BH030CL,BMW,5er-Reihe,245,Benzin,61205,20221130
962WBA11EG0905W0,BMW,X1,150,Diesel,61050,20230405
1956WBA15BZ0X0N1,BMW,X3,190,Diesel,60752,20220801
322WBA61DP0809P7,BMW,X3,184,Hybrid,60589,20230727
1848WBAUZ9501MN0,BMW,X3,285,Diesel,60500,20220831
1249WBA51BN0XNCH,BMW,5er-Reihe,190,Diesel,60500,20230214
2794WBA6N71060FL,BMW,3er-Reihe,184,Hybrid,60500,20220125
1443WBA51BN04NCH,BMW,5er-Reihe,190,Diesel,60489,20221220
1746WBA35BG0X0N0,BMW,X3,190,Diesel,60489,20220923
1174WBA6N71020FM,BMW,3er-Reihe,184,Hybrid,60489,20230301
1978WBAUZ9507MN0,BMW,X3,285,Diesel,60403,20220729
2234WBA31DZ020FL,BMW,3er-Reihe,190,Diesel,60390,20220527
950WBA51BN08NCH8,BMW,5er-Reihe,190,Diesel,60378,20230406
691WBA51BN03MCH5,BMW,5er-Reihe,190,Diesel,60378,20230519
1857WBA51BN00MCH,BMW,5er-Reihe,190,Diesel,60378,20220830
919WBA51BN09MCH4,BMW,5er-Reihe,190,Diesel,60378,20230412
699WBA51BN07MCH5,BMW,5er-Reihe,190,Diesel,60378,20230517
1067WBA51BN08MCH,BMW,5er-Reihe,190,Diesel,60378,20230317
1248WBA51BN0XNCH,BMW,5er-Reihe,190,Diesel,60378,20230214
826WBA51BN03NCH9,BMW,5er-Reihe,190,Diesel,60378,20230428
348WBA51BN08NCH8,BMW,5er-Reihe,190,Diesel,60378,20230719
2326WBAUZ9509MN0,BMW,X3,285,Diesel,60377,20220511
2560WBA31DZ010FK,BMW,3er-Reihe,190,Diesel,60005,20220316
355WBA6L31060FM7,BMW,3er-Reihe,150,Diesel,59950,20230719
639WBA35BG04MN11,BMW,X3,190,Diesel,59950,20230530
568WBA11CH000CJ4,BMW,5er-Reihe,184,Hybrid,59886,20230609
340WBATS31090LP7,BMW,X3,354,Benzin,59620,20230720
909WBA11AH02NCH7,BMW,5er-Reihe,286,Diesel,59532,20230413
1678WBA5U91050FJ,BMW,3er-Reihe,374,Benzin,59532,20221011
836WBA51BL0X0CL0,BMW,5er-Reihe,190,Diesel,59400,20230427
2108WBAJN51050CE,BMW,5er-Reihe,265,Diesel,59400,20220624
174WBA51BN06MCG2,BMW,5er-Reihe,190,Diesel,59400,20230828
172WBA51BN06MCG2,BMW,5er-Reihe,190,Diesel,59290,20230828
1730WBA35BG000N1,BMW,X3,190,Diesel,59290,20220929
1440WBA6N71060FM,BMW,3er-Reihe,184,Hybrid,59290,20221220
1587WBA15BZ000N1,BMW,X3,190,Diesel,59290,20221110
1740WBA35BG030N0,BMW,X3,190,Diesel,59290,20220926
690WBA51BN03MCH5,BMW,5er-Reihe,190,Diesel,59279,20230519
1110WBA51BN01NCH,BMW,5er-Reihe,190,Diesel,59279,20230310
527WBA51BL060WY0,BMW,5er-Reihe,193,Diesel,59076,20230615
2019WBAUZ9501MN0,BMW,X3,286,Diesel,59017,20220718
1081WBA51BN06MCH,BMW,5er-Reihe,190,Diesel,58850,20230316
2817WBATS110909H,BMW,X3,184,Hybrid,58740,20220118
1705WBA15BZ000N1,BMW,X3,190,Hybrid,58394,20221005
2646WBA6M9101MFK,BMW,3er-Reihe,286,Hybrid,58300,20220228
2321WBA31ED040FL,BMW,3er-Reihe,163,Hybrid,58289,20220511
1566WBA11EE0805V,BMW,X1,136,Benzin,58289,20221116
2825WBA6N5107MFL,BMW,3er-Reihe,285,Diesel,58190,20220115
62WBA51BL080WW98,BMW,5er-Reihe,190,Diesel,58190,20230918
1455WBATS110009H,BMW,X3,184,Hybrid,58190,20221216
1132WBA11EE0805V,BMW,X1,136,Benzin,58190,20230308
546WBA31BL0X0WY0,BMW,5er-Reihe,193,Diesel,57970,20230613
1177WBA51BL050CL,BMW,5er-Reihe,190,Diesel,57893,20230301
1173WBA51BL000CL,BMW,5er-Reihe,190,Diesel,57893,20230301
1179WBA51BL020CL,BMW,5er-Reihe,190,Diesel,57893,20230301
531WBA31BL090CM0,BMW,5er-Reihe,190,Diesel,57827,20230615
1741WBA6N71080FL,BMW,3er-Reihe,292,Elektro,57750,20220926
1070WBA51BN08MCH,BMW,5er-Reihe,190,Diesel,57750,20230317
2558WBA31DZ0XMFK,BMW,3er-Reihe,190,Diesel,57739,20220317
2185WBATS110509H,BMW,X3,184,Hybrid,57739,20220609
727WBA11EG0105W1,BMW,X1,150,Diesel,57310,20230515
461WBA15BZ050N18,BMW,X3,190,Diesel,57200,20230627
566WBA11EG0405W0,BMW,X1,150,Diesel,57195,20230609
521WBATS110109B8,BMW,X3,184,Hybrid,57145,20230616
159WBA51BL060WY0,BMW,5er-Reihe,190,Diesel,57134,20230830
43WBA11EG0805V79,BMW,X1,150,Diesel,57090,20230921
963WBA35BG040N07,BMW,X3,190,Diesel,57090,20230405
234WBA35BG000N04,BMW,X3,190,Diesel,57090,20230814
1184WBA61DP0309M,BMW,X3,184,Hybrid,56839,20230228
390WBA11EG0605W1,BMW,X1,150,Diesel,56650,20230710
1764WBA35BG060N0,BMW,X3,190,Diesel,56541,20220920
1046WBA51BN04MCH,BMW,5er-Reihe,190,Diesel,56540,20230323
652WBA11EG0905V7,BMW,X1,150,Diesel,56320,20230526
1879WBA6M9104MFK,BMW,3er-Reihe,286,Diesel,56232,20220824
99WBATS110809H33,BMW,X3,184,Benzin,56100,20230913
827WBA51BN03NCH9,BMW,5er-Reihe,190,Diesel,56100,20230428
1310WBAJD11040CD,BMW,5er-Reihe,265,Diesel,56100,20230127
1618WBAJN51080CE,BMW,5er-Reihe,265,Diesel,56100,20221028
1862WBA11AB0105U,BMW,X1,178,Benzin,56100,20220829
2559WBA35BG040N0,BMW,X3,190,Diesel,56067,20220317
2574WBA35BG0X0N0,BMW,X3,190,Diesel,55990,20220311
3150WBATX71040LB,BMW,X3,265,Diesel,55990,20180713
2179WBA6M9102MFK,BMW,3er-Reihe,286,Diesel,55968,20220610
2752WBA6M910XMFK,BMW,3er-Reihe,285,Diesel,55770,20220204
2391WBA51BL0X0CG,BMW,5er-Reihe,190,Diesel,55682,20220422
350WBA51BN08NCH8,BMW,5er-Reihe,190,Diesel,55660,20230719
272WBA31BL030WX0,BMW,5er-Reihe,190,Diesel,55562,20230804
1004WBA11EE0105V,BMW,X1,136,Benzin,55550,20230330
634WBA31AD0005V3,BMW,X1,150,Diesel,55238,20230531
204WBA11EG0805V9,BMW,X1,150,Diesel,55143,20230822
1502WBA15BZ090N1,BMW,X3,190,Diesel,55000,20221207
540WBA61DP0009M9,BMW,X3,184,Elektro,55000,20230614
2636WBATS110309H,BMW,X3,184,Hybrid,55000,20220301
779WBA55BZ050N17,BMW,X3,150,Diesel,55000,20230505
737WBA11EE0005V9,BMW,X1,136,Benzin,55000,20230512
2334WBA51BN04MCG,BMW,5er-Reihe,190,Diesel,54989,20220506
2557WBAJD11040B1,BMW,5er-Reihe,265,Diesel,54989,20220317
1309WBA51BN0XNCH,BMW,5er-Reihe,190,Diesel,54989,20230127
2115WBA31AD0105U,BMW,X1,150,Diesel,54989,20220623
949WBA51BN08NCH8,BMW,5er-Reihe,190,Diesel,54989,20230406
138WBA31ED040FM8,BMW,3er-Reihe,163,Hybrid,54945,20230904
701WBA51BN07MCH5,BMW,5er-Reihe,190,Diesel,54890,20230517
2443WBATS110109H,BMW,X3,184,Hybrid,54890,20220411
2691WBA31DZ06MFL,BMW,3er-Reihe,190,Diesel,54868,20220217
1861WBA31BN010CF,BMW,5er-Reihe,190,Diesel,54868,20220829
2930WBA11DY010FK,BMW,3er-Reihe,190,Diesel,54780,20210729
412WBA31DZ050FL1,BMW,3er-Reihe,190,Diesel,54648,20230706
2118WBA35BG080N0,BMW,X3,190,Diesel,54451,20220622
247WBA51BN09NCH8,BMW,5er-Reihe,190,Diesel,54451,20230811
474WBA51BN080CM0,BMW,5er-Reihe,190,Diesel,54450,20230623
920WBA51BN09MCH4,BMW,5er-Reihe,190,Diesel,54450,20230412
2627WBA51BL06MCF,BMW,5er-Reihe,190,Diesel,54450,20220303
1765WBA35BG050N1,BMW,X3,190,Diesel,54439,20220920
1663WBAUZ35060N0,BMW,X3,190,Diesel,54352,20221013
580WBA31BG0509F6,BMW,X3,190,Diesel,54340,20230607
2894WBATS110X09H,BMW,X3,184,Hybrid,54188,20211210
2520WBA31ED070FL,BMW,3er-Reihe,163,Hybrid,53900,20220325
2576WBAJJ310305S,BMW,X1,231,Diesel,53900,20220311
101WBATS110809H3,BMW,X3,184,Benzin,53900,20230913
1076WBAUZ35000N0,BMW,X3,190,Diesel,53889,20230316
250WBA35BG080N05,BMW,X3,190,Diesel,53845,20230810
1780WBA31ED040FL,BMW,3er-Reihe,163,Hybrid,53811,20220914
1385WBA71AB0805U,BMW,X1,125,Hybrid,53790,20230105
460WBA5P91070FM7,BMW,3er-Reihe,184,Hybrid,53790,20230627
684WBA11EE0805V9,BMW,X1,136,Benzin,53779,20230522
1918WBA31DZ05MFL,BMW,3er-Reihe,190,Diesel,53768,20220810
302WBA11EG0705W0,BMW,X1,150,Diesel,53768,20230731
2581WBA31BN04MCG,BMW,5er-Reihe,190,Diesel,53658,20220311
164WBA51BL0X0WY0,BMW,5er-Reihe,190,Diesel,53592,20230830
207WBA51BL040WY0,BMW,5er-Reihe,190,Diesel,53515,20230821
163WBA51BL000WX9,BMW,5er-Reihe,190,Diesel,53504,20230830
2584WBATX75000ND,BMW,X3,265,Diesel,53460,20220310
814WBA11FY020FP0,BMW,3er-Reihe,156,Benzin,53405,20230428
75WBA31BG0509F65,BMW,X3,190,Diesel,53351,20230915
616WBATS110409D5,BMW,X3,184,Hybrid,53350,20230602
816WBA11EG0X05V7,BMW,X1,150,Diesel,53350,20230428
635WBA31AE0605V1,BMW,X1,190,Diesel,53350,20230531
538WBA61DP0209P2,BMW,X3,184,Hybrid,53149,20230614
2773WBA31DX0X0CE,BMW,5er-Reihe,190,Diesel,53020,20220128
2148WBA5P980908B,BMW,3er-Reihe,184,Hybrid,52910,20220615
2076WBA71AG050CF,BMW,5er-Reihe,184,Benzin,52800,20220702
2847WBA31DW020CE,BMW,5er-Reihe,190,Hybrid,52789,20220110
1821WBA41FU010FN,BMW,3er-Reihe,190,Diesel,52789,20220907
850WBA31DZ080FM4,BMW,3er-Reihe,190,Diesel,52734,20230424
434WBA51BN080CL9,BMW,5er-Reihe,190,Diesel,52734,20230630
2938WBAJD11010B1,BMW,5er-Reihe,265,Diesel,52679,20210705
2571WBA31AE03N5T,BMW,X1,190,Diesel,52437,20220314
2722WBA31AE07N5T,BMW,X1,190,Diesel,52360,20220214
1379WBAUZ35050NE,BMW,X3,190,Diesel,52251,20230110
173WBA51BN06MCG2,BMW,5er-Reihe,190,Diesel,52250,20230828
1141WBA31ED000FL,BMW,3er-Reihe,163,Hybrid,52250,20230307
588WBAJD11060CE2,BMW,5er-Reihe,265,Diesel,52239,20230606
2831WBA31AE01N5T,BMW,X1,190,Diesel,52108,20220114
2536WBA31AE0505S,BMW,X1,190,Diesel,51920,20220323
2010WBA31AE04M5T,BMW,X1,190,Diesel,51700,20220720
525WBA31BN080CF4,BMW,5er-Reihe,190,Diesel,51700,20230616
361WBATX75060ND6,BMW,X3,265,Diesel,51700,20230718
2425WBA31AE09N5T,BMW,X1,190,Diesel,51700,20220415
1570WBA51BN09MCH,BMW,5er-Reihe,190,Diesel,51700,20221115
1630WBA6N31080FK,BMW,3er-Reihe,184,Hybrid,51689,20221021
1297WBAJN51030B2,BMW,5er-Reihe,265,Diesel,51689,20230201
2492WBA71AB0905S,BMW,X1,220,Benzin,51689,20220331
735WBA31BN090CF1,BMW,5er-Reihe,190,Diesel,51689,20230512
45WBA31AE0X05V38,BMW,X1,190,Diesel,51645,20230921
1801WBA38DY0708B,BMW,3er-Reihe,190,Diesel,51612,20220909
1217WBA35BG050N0,BMW,X3,190,Diesel,51590,20230220
890WBAUZ35060NE4,BMW,X3,190,Diesel,51590,20230417
1724WBA6K7102LFJ,BMW,3er-Reihe,258,Benzin,51502,20220929
1506WBA55BZ030N1,BMW,X3,150,Diesel,51493,20221207
2112WBA6M9109MFK,BMW,3er-Reihe,286,Diesel,51480,20220624
2830WBA35BG060N0,BMW,X3,190,Hybrid,51326,20220114
315WBA31DZ020FL0,BMW,3er-Reihe,190,Diesel,51216,20230728
381WBA6N51000FL3,BMW,3er-Reihe,285,Diesel,51163,20230712
2285WBAJA91030GF,BMW,5er-Reihe,184,Hybrid,51162,20220517
1556WBA31AD0605V,BMW,X1,150,Diesel,51150,20221121
1494WBAJT51080BU,BMW,5er-Reihe,251,Benzin,51150,20221209
205WBA31AE0603M1,BMW,X1,190,Diesel,51150,20230821
1691WBA6K5104MFL,BMW,3er-Reihe,258,Benzin,51139,20221010
2390WBATX35060NC,BMW,X3,190,Diesel,51040,20220422
2737WBA31ED020FL,BMW,3er-Reihe,163,Hybrid,51040,20220210
881WBA31DZ050FM0,BMW,3er-Reihe,193,Diesel,51029,20230419
1183WBA31ED080FM,BMW,3er-Reihe,163,Hybrid,50895,20230228
732WBA11EG0705V9,BMW,X1,150,Diesel,50820,20230512
2723WBA31DZ000FK,BMW,3er-Reihe,190,Diesel,50710,20220214
1540WBA31AE02N5T,BMW,X1,190,Diesel,50600,20221128
632WBA11EE0705V8,BMW,X1,136,Benzin,50600,20230531
2592WBA31AE01N5T,BMW,X1,190,Diesel,50589,20220309
2105WBA31AE06N5T,BMW,X1,190,Diesel,50589,20220627
2690WBA31DW030WW,BMW,5er-Reihe,190,Diesel,50545,20220218
2588WBA31AE02M5T,BMW,X1,190,Diesel,50545,20220310
875WBATX71080LB4,BMW,X3,265,Diesel,50490,20230419
852WBAJD11050B19,BMW,5er-Reihe,265,Diesel,50490,20230421
1784WBA71DY050FM,BMW,3er-Reihe,156,Benzin,50490,20220914
130WBATX75040N01,BMW,X3,265,Diesel,50490,20230907
1352WBA5V310X0FL,BMW,3er-Reihe,150,Diesel,50490,20230113
1162WBAUZ35040N0,BMW,X3,190,Diesel,50380,20230303
2272WBA5P91010FK,BMW,3er-Reihe,184,Hybrid,50380,20220519
1511WBA71AB0005T,BMW,X1,220,Benzin,50315,20221205
2051WBA31AE04N5T,BMW,X1,190,Diesel,50094,20220711
629WBA5P91000FM1,BMW,3er-Reihe,184,Hybrid,50050,20230531
705WBA11EG0705W0,BMW,X1,150,Diesel,50050,20230517
1077WBATX75010ND,BMW,X3,265,Diesel,50050,20230316
103WBATS110809H3,BMW,X3,184,Benzin,50050,20230913
2582WBA31DX09LCE,BMW,5er-Reihe,190,Diesel,50050,20220310
2906WBA31DY05LFJ,BMW,3er-Reihe,190,Diesel,50039,20211028
505WBA31AA0405V0,BMW,X1,140,Benzin,49946,20230620
1116WBA31AD0105V,BMW,X1,150,Diesel,49819,20230309
554WBAJN51000CD6,BMW,5er-Reihe,265,Diesel,49720,20230612
3027WBAUZ35020N0,BMW,X3,190,Diesel,49500,20200624
53WBATS31040LF49,BMW,X3,360,Benzin,49500,20230920
2203WBA31AE06N5T,BMW,X1,190,Diesel,49500,20220603
342WBATX71060LB4,BMW,X3,265,Diesel,49500,20230720
2389WBA71AB0505T,BMW,X1,125,Hybrid,49489,20220422
688WBAJN51010CE5,BMW,5er-Reihe,265,Diesel,49489,20230519
2696WBA31DY0XMFK,BMW,3er-Reihe,190,Diesel,49489,20220217
273WBA31BL030WX0,BMW,5er-Reihe,190,Diesel,49489,20230804
2322WBA31AA0405U,BMW,X1,135,Benzin,49489,20220511
2077WBA31DW010WW,BMW,5er-Reihe,190,Diesel,49489,20220702
713WBA71AB0005U7,BMW,X1,125,Hybrid,49445,20230516
717WBA31ED060FL4,BMW,3er-Reihe,163,Benzin,49401,20230516
2054WBATX35090NC,BMW,X3,190,Diesel,49390,20220708
598WBA11EE0405W1,BMW,X1,136,Benzin,49390,20230606
1647WBAJB51060WC,BMW,5er-Reihe,340,Benzin,49390,20221019
2011WBATX35090NC,BMW,X3,190,Diesel,49390,20220720
1090WBA6K71020FJ,BMW,3er-Reihe,258,Benzin,49390,20230315
2033WBA31AE04N5T,BMW,X1,190,Diesel,49368,20220713
2624WBA71AB0005T,BMW,X1,125,Hybrid,49269,20220303
444WBA11EG0405W0,BMW,X1,150,Diesel,49063,20230630
2504WBA6L31020FK,BMW,3er-Reihe,150,Diesel,49060,20220330
2463WBA31AA0905U,BMW,X1,135,Benzin,49049,20220406
182WBA11AJ09MCF5,BMW,5er-Reihe,285,Diesel,48950,20230825
557WBA6L71010FJ3,BMW,3er-Reihe,190,Diesel,48950,20230612
1778WBATX35070NC,BMW,X3,190,Diesel,48950,20220915
2328WBA71AB0905S,BMW,X1,125,Hybrid,48879,20220510
650WBA38DY0508B7,BMW,3er-Reihe,190,Diesel,48730,20230526
1820WBA41FU010FN,BMW,3er-Reihe,190,Diesel,48508,20220907
1198WBA6L71080FJ,BMW,3er-Reihe,190,Diesel,48400,20230223
2331WBA31DW0X0WW,BMW,5er-Reihe,190,Diesel,48400,20220509
1922WBA31AA0X05U,BMW,X1,140,Benzin,48400,20220809
1138WBA31ED000FL,BMW,3er-Reihe,163,Hybrid,48400,20230307
2853WBAUZ35030N0,BMW,X3,190,Diesel,48400,20220107
869WBA71AB0905T1,BMW,X1,125,Hybrid,48400,20230419
1216WBA35BG050N0,BMW,X3,190,Diesel,48400,20230220
2545WBA31ED040FL,BMW,3er-Reihe,163,Hybrid,48400,20220318
653WBA21FU090FP0,BMW,3er-Reihe,150,Diesel,48400,20230526
1774WBAJA91060B3,BMW,5er-Reihe,184,Benzin,48389,20220915
1846WBATX31080LC,BMW,X3,190,Diesel,48389,20220901
1958WBA31AA0X05U,BMW,X1,135,Benzin,48389,20220801
1948WBA31AA0705U,BMW,X1,135,Benzin,48389,20220802
1446WBA6K5106MFL,BMW,3er-Reihe,258,Benzin,48389,20221220
2633WBA31AD0805S,BMW,X1,150,Diesel,48378,20220302
628WBATX71020LB4,BMW,X3,265,Diesel,48367,20230531
1223WBA31DX0X0CD,BMW,5er-Reihe,190,Diesel,48290,20230217
2209WBA6L31060FK,BMW,3er-Reihe,150,Diesel,48290,20220602
1343WBA31ED080FM,BMW,3er-Reihe,163,Hybrid,48290,20230117
494WBA31AD0205V4,BMW,X1,150,Diesel,48290,20230621
2998WBA31DX070CD,BMW,5er-Reihe,190,Diesel,48279,20201021
2180WBA5P51050FK,BMW,3er-Reihe,184,Hybrid,48279,20220610
1314WBA6L71090FJ,BMW,3er-Reihe,190,Diesel,48279,20230126
2860WBA31DZ020FK,BMW,3er-Reihe,190,Diesel,48180,20220105
954WBA6L710X0FH9,BMW,3er-Reihe,190,Diesel,48169,20230406
2472WBA71AC08N5T,BMW,X1,149,Diesel,48169,20220404
1852WBA31AA0X05U,BMW,X1,136,Benzin,48169,20220831
2772WBA6L31020FL,BMW,3er-Reihe,150,Diesel,47960,20220128
2510WBAJP3103LCD,BMW,5er-Reihe,190,Diesel,47950,20220329
535WBA5Y91050FL5,BMW,3er-Reihe,163,Hybrid,47905,20230615
1644WBA71AB0505V,BMW,X1,125,Hybrid,47850,20221020
2505WBATX55020NV,BMW,X3,231,Diesel,47850,20220330
1808WBA31AE01N5T,BMW,X1,190,Diesel,47850,20220908
1888WBA71AC0005S,BMW,X1,150,Diesel,47850,20220819
1827WBA31ED040FL,BMW,3er-Reihe,163,Hybrid,47839,20220907
2128WBAJN51000B2,BMW,5er-Reihe,265,Diesel,47839,20220621
819WBA31AD0305V2,BMW,X1,150,Diesel,47828,20230428
257WBAJN51050B26,BMW,5er-Reihe,265,Diesel,47740,20230809
1788WBA31DY070FK,BMW,3er-Reihe,190,Diesel,47740,20220913
2094WBAJP3107LCD,BMW,5er-Reihe,190,Diesel,47730,20220629
1625WBA31AA0005U,BMW,X1,135,Benzin,47687,20221024
1055WBA31DX040CD,BMW,5er-Reihe,190,Diesel,47520,20230322
1537WBA11FZ0X0FN,BMW,3er-Reihe,150,Diesel,47520,20221129
1575WBATY15000N0,BMW,X3,184,Benzin,47520,20221111
1167WBA71DY030FM,BMW,3er-Reihe,156,Benzin,47300,20230303
354WBA6L31060FM7,BMW,3er-Reihe,150,Diesel,47300,20230719
1325WBA6L31030FL,BMW,3er-Reihe,150,Diesel,47300,20230125
2265WBA31ED010FL,BMW,3er-Reihe,163,Hybrid,47300,20220520
1185WBA11EE0205V,BMW,X1,136,Benzin,47300,20230227
2456WBA5X7109LFH,BMW,3er-Reihe,183,Hybrid,47289,20220408
2405WBA31AD0905S,BMW,X1,150,Diesel,47289,20220422
468WBATX35030NE0,BMW,X3,190,Diesel,47267,20230626
2760WBA5V31090FK,BMW,3er-Reihe,150,Diesel,47212,20220202
978WBATX35010NC3,BMW,X3,190,Diesel,47190,20230403
880WBAJN51030G98,BMW,5er-Reihe,265,Diesel,47190,20230419
1435WBA71AB0505S,BMW,X1,125,Benzin,47190,20221221
2344WBAJN710X0BJ,BMW,5er-Reihe,320,Diesel,47190,20220502
1802WBATR55080ND,BMW,X3,184,Benzin,47190,20220909
636WBA31DW030CE1,BMW,5er-Reihe,190,Diesel,47190,20230531
1246WBA71AB0705V,BMW,X1,125,Hybrid,47190,20230214
2378WBAJN51090G6,BMW,5er-Reihe,265,Diesel,47113,20220427
2358WBA38DY0208B,BMW,3er-Reihe,190,Diesel,47080,20220428
2900WBA31DY040FL,BMW,3er-Reihe,190,Diesel,46970,20211125
2257WBA5V31060FJ,BMW,3er-Reihe,150,Diesel,46970,20220523
2093WBATX35050NC,BMW,X3,190,Diesel,46937,20220629
2365WBAJC31000B0,BMW,5er-Reihe,190,Diesel,46762,20220428
1457WBAUZ35080NE,BMW,X3,190,Diesel,46751,20221216
1305WBA31AE03N5T,BMW,X1,190,Diesel,46751,20230130
1421WBA31AA0X05U,BMW,X1,135,Benzin,46750,20221223
2695WBA18DY0608B,BMW,3er-Reihe,190,Diesel,46750,20220217
1743WBA71AC0405V,BMW,X1,150,Diesel,46750,20220926
2143WBA31AD0805T,BMW,X1,150,Diesel,46750,20220615
411WBA31DZ050FL1,BMW,3er-Reihe,190,Diesel,46750,20230706
2003WBATX71060LB,BMW,X3,265,Diesel,46750,20220721
384WBA6N71020FK5,BMW,3er-Reihe,292,Hybrid,46750,20230712
1603WBA31AA0105V,BMW,X1,140,Benzin,46640,20221104
2539WBA5V380808B,BMW,3er-Reihe,150,Diesel,46530,20220321
2501WBA31AA01M5T,BMW,X1,136,Benzin,46530,20220330
76WBA31BG0509F65,BMW,X3,190,Diesel,46200,20230915
1319WBA11BL070CF,BMW,5er-Reihe,150,Diesel,46200,20230125
1026WBA5P310X0FH,BMW,3er-Reihe,184,Benzin,46200,20230327
873WBA71AB0905T1,BMW,X1,125,Hybrid,46200,20230419
144WBA6N71080FL1,BMW,3er-Reihe,183,Benzin,46200,20230901
2001WBA5V31000FK,BMW,3er-Reihe,150,Diesel,46189,20220721
2196WBA31AD0105T,BMW,X1,150,Diesel,46178,20220608
1914WBA5V31030FK,BMW,3er-Reihe,150,Diesel,46145,20220812
496WBATS110509E2,BMW,X3,184,Hybrid,46134,20230621
1957WBATX51010LK,BMW,X3,231,Diesel,46090,20220801
2885WBAJF51070WW,BMW,5er-Reihe,190,Diesel,46090,20211230
1563WBAJM91080BH,BMW,5er-Reihe,190,Diesel,46090,20221117
2804WBA6L7103LFJ,BMW,3er-Reihe,190,Diesel,46079,20220121
2594WBAJJ310205S,BMW,X1,231,Diesel,46035,20220309
305WBA6K31040FL0,BMW,3er-Reihe,183,Benzin,45921,20230731
2412WBATX31090LC,BMW,X3,190,Diesel,45870,20220421
876WBA11AJ000CG9,BMW,5er-Reihe,285,Diesel,45870,20230419
1013WBA11AJ0X0CG,BMW,5er-Reihe,285,Diesel,45782,20230329
1008WBA11AJ0X0CG,BMW,5er-Reihe,285,Diesel,45782,20230329
2075WBA31DW010WW,BMW,5er-Reihe,190,Diesel,45650,20220702
2999WBA31AD0405R,BMW,X1,150,Diesel,45650,20201016
198WBATX75040NC0,BMW,X3,265,Diesel,45650,20230823
879WBATX71080LB4,BMW,X3,265,Diesel,45650,20230419
1035WBA31DZ070FK,BMW,3er-Reihe,190,Diesel,45639,20230323
393WBA31AA0305U9,BMW,X1,140,Benzin,45639,20230710
2002WBAJP3107LCD,BMW,5er-Reihe,190,Diesel,45530,20220721
422WBA31AD0105U5,BMW,X1,150,Diesel,45320,20230703
882WBA11AJ030CF5,BMW,5er-Reihe,285,Diesel,45210,20230419
2798WBA71AC07N5T,BMW,X1,150,Diesel,45100,20220124
1826WBA11AB0905S,BMW,X1,192,Benzin,45100,20220907
1945WBA31AE0X03M,BMW,X1,190,Diesel,45100,20220803
851WBAJA91030B31,BMW,5er-Reihe,183,Hybrid,45100,20230421
1742WBA31AD0X05V,BMW,X1,150,Diesel,45100,20220926
1564WBA31AD0705V,BMW,X1,150,Diesel,45100,20221117
556WBATX55030NV2,BMW,X3,231,Diesel,45100,20230612
2766WBA31DW020CD,BMW,5er-Reihe,190,Diesel,45100,20220131
2241WBA31DW010CE,BMW,5er-Reihe,190,Diesel,45100,20220525
2869WBA31DZ080FK,BMW,3er-Reihe,190,Diesel,45089,20220104
2138WBA38DY0108B,BMW,3er-Reihe,190,Diesel,45089,20220620
1291WBA71AB0705V,BMW,X1,125,Hybrid,45089,20230202
2625WBATX35040NE,BMW,X3,190,Diesel,45067,20220303
489WBA31BG0709F4,BMW,X3,190,Diesel,44990,20230621
3116WBAJT51070BJ,BMW,5er-Reihe,252,Benzin,44880,20181217
2023WBA31AE02N5T,BMW,X1,190,Diesel,44880,20220714
1024WBATX75080NC,BMW,X3,265,Diesel,44770,20230327
1579WBATY15000N0,BMW,X3,184,Benzin,44550,20221111
1337WBA11AB0805U,BMW,X1,192,Benzin,44550,20230118
2785WBATX75090ND,BMW,X3,265,Diesel,44550,20220127
2414WBA31DY020FK,BMW,3er-Reihe,190,Diesel,44550,20220420
1389WBA71AB0505S,BMW,X1,125,Benzin,44550,20230104
504WBAJN51080CE3,BMW,5er-Reihe,265,Diesel,44550,20230620
2245WBA31DZ040FJ,BMW,3er-Reihe,190,Diesel,44440,20220525
1535WBA11FZ0X0FN,BMW,3er-Reihe,150,Diesel,44330,20221129
2523WBA71AB0005U,BMW,X1,125,Hybrid,44000,20220325
1689WBA31AA0605V,BMW,X1,140,Benzin,44000,20221010
2532WBA31AD0905S,BMW,X1,150,Diesel,44000,20220323
2018WBA71AC0105U,BMW,X1,150,Diesel,44000,20220718
1622WBA71AB0805V,BMW,X1,125,Hybrid,44000,20221025
314WBA31DZ020FL0,BMW,3er-Reihe,190,Diesel,43989,20230728
3040WBA5V71030FH,BMW,3er-Reihe,190,Diesel,43989,20200228
2835WBA31AD0303M,BMW,X1,150,Diesel,43989,20220114
1628WBA18DY0608B,BMW,3er-Reihe,190,Diesel,43989,20221024
2316WBA71AC08N3N,BMW,X1,150,Diesel,43989,20220512
2306WBA71AC03N5T,BMW,X1,150,Diesel,43989,20220513
2219WBA31AD0305S,BMW,X1,150,Diesel,43989,20220601
2200WBA71AC0405S,BMW,X1,150,Diesel,43989,20220607
2171WBA71AC00N5T,BMW,X1,150,Diesel,43989,20220613
2142WBA18DY0708B,BMW,3er-Reihe,190,Diesel,43989,20220617
1894WBA5V380408B,BMW,3er-Reihe,150,Diesel,43989,20220818
2622WBA31AD0903M,BMW,X1,150,Diesel,43967,20220304
1508WBA31DZ090FK,BMW,3er-Reihe,190,Diesel,43901,20221206
2512WBAWY710X00N,BMW,X3,313,Diesel,43890,20220329
1706WBA31AA0603P,BMW,X1,140,Benzin,43890,20221004
1225WBA71AC0105V,BMW,X1,150,Diesel,43890,20230217
1751WBAJM11020B2,BMW,5er-Reihe,339,Benzin,43890,20220923
187WBAJD11010B19,BMW,5er-Reihe,265,Diesel,43890,20230825
1108WBATX31020LF,BMW,X3,190,Diesel,43890,20230310
117WBAJN71050BJ0,BMW,5er-Reihe,319,Diesel,43890,20230911
2460WBA31DZ0X0FJ,BMW,3er-Reihe,190,Benzin,43890,20220406
2934WBA31DZ020FK,BMW,3er-Reihe,190,Hybrid,43868,20210720
1953WBA31DZ040FK,BMW,3er-Reihe,190,Diesel,43868,20220802
202WBA31AD0205U6,BMW,X1,150,Diesel,43780,20230823
1386WBA31AA0105U,BMW,X1,135,Benzin,43703,20230105
724WBA71AB0005U7,BMW,X1,125,Hybrid,43686,20230516
2923WBA71AC0205U,BMW,X1,149,Diesel,43670,20210820
1243WBAJC31020WC,BMW,5er-Reihe,190,Diesel,43451,20230215
898WBAUZ35020N01,BMW,X3,190,Diesel,43451,20230414
1503WBA31AD0905T,BMW,X1,150,Diesel,43450,20221207
2289WBATX350X0NC,BMW,X3,190,Diesel,43450,20220516
742WBATX31070LB9,BMW,X3,190,Diesel,43450,20230512
1125WBAJP51060BU,BMW,5er-Reihe,190,Diesel,43439,20230309
2339WBA31AD0005S,BMW,X1,150,Diesel,43394,20220503
1870WBAJD11060G8,BMW,5er-Reihe,265,Diesel,43340,20220825
1315WBA31AA0905V,BMW,X1,140,Benzin,43340,20230126
1448WBA31AA0205U,BMW,X1,140,Benzin,43340,20221219
1436WBA31AE09M5T,BMW,X1,190,Diesel,43329,20221221
199WBAUZ350X0N01,BMW,X3,190,Diesel,43230,20230823
692WBATX350X0NC3,BMW,X3,190,Diesel,43230,20230519
1431WBAJA91070B4,BMW,5er-Reihe,183,Hybrid,43043,20221221
530WBAJR11010CD0,BMW,5er-Reihe,184,Benzin,42900,20230615
1496WBA31AD0X05S,BMW,X1,150,Diesel,42900,20221209
1490WBA31AD0305U,BMW,X1,150,Diesel,42900,20221212
2651WBA71AC0303M,BMW,X1,150,Diesel,42900,20220225
967WBA11AB0005R3,BMW,X1,192,Benzin,42900,20230404
2342WBA31AD0005S,BMW,X1,150,Diesel,42889,20220503
2775WBA31AD0005P,BMW,X1,150,Diesel,42889,20220128
1646WBA18DY0308B,BMW,3er-Reihe,190,Diesel,42889,20221019
2270WBA31AD0805S,BMW,X1,150,Diesel,42889,20220519
209WBA31AE0603M1,BMW,X1,190,Diesel,42889,20230821
934WBA31AD0X05T6,BMW,X1,150,Diesel,42889,20230407
233WBA6L71030FH8,BMW,3er-Reihe,190,Diesel,42889,20230814
1128WBA31AA0705U,BMW,X1,136,Benzin,42790,20230308
195WBA31AD0205U6,BMW,X1,150,Diesel,42790,20230823
471WBA5W71020FM2,BMW,3er-Reihe,122,Diesel,42790,20230623
1593WBATR51060LF,BMW,X3,184,Benzin,42779,20221110
1189WBA31AA0905U,BMW,X1,135,Benzin,42572,20230227
2507WBA31AD0205S,BMW,X1,150,Diesel,42570,20220330
2562WBA5V31060FJ,BMW,3er-Reihe,150,Diesel,42554,20220316
1113WBATX35040NC,BMW,X3,190,Diesel,42351,20230310
1244WBAJC31020WC,BMW,5er-Reihe,190,Diesel,42218,20230215
1447WBA31AA0205U,BMW,X1,140,Benzin,41844,20221219
871WBA31AA0205U0,BMW,X1,140,Benzin,41844,20230419
804WBA31AA0305U0,BMW,X1,135,Benzin,41844,20230502
1022WBA31AA0105U,BMW,X1,135,Benzin,41844,20230327
823WBA31AA0105U0,BMW,X1,135,Benzin,41844,20230428
1923WBA31AA0X05U,BMW,X1,140,Benzin,41844,20220809
854WBA31AA0605U1,BMW,X1,136,Benzin,41844,20230421
995WBA31AA0505U0,BMW,X1,135,Benzin,41844,20230331
358WBA31AA0X05U1,BMW,X1,136,Benzin,41844,20230719
2017WBATX31010LB,BMW,X3,190,Diesel,41800,20220718
1254WBAJD51080BL,BMW,5er-Reihe,320,Diesel,41800,20230213
1140WBAJB51090G4,BMW,5er-Reihe,340,Benzin,41800,20230307
363WBATX31080LB9,BMW,X3,190,Diesel,41800,20230718
2942WBA6L9100MFK,BMW,3er-Reihe,265,Diesel,41800,20210629
2935WBA31DZ020FK,BMW,3er-Reihe,190,Hybrid,41800,20210720
2288WBATR51090LF,BMW,X3,184,Benzin,41789,20220516
2426WBA31AD0105S,BMW,X1,150,Diesel,41767,20220415
364WBA5X71090FH9,BMW,3er-Reihe,183,Hybrid,41690,20230718
1624WBA31AD0205V,BMW,X1,150,Diesel,41598,20221024
318WBATX35020NC2,BMW,X3,190,Diesel,41470,20230727
2385WBA71AD0305S,BMW,X1,150,Diesel,41360,20220425
1909WBA31AA0205T,BMW,X1,140,Benzin,41360,20220816
227WBA31AE0905S9,BMW,X1,190,Diesel,41251,20230816
2181WBATX310X0LB,BMW,X3,190,Diesel,41250,20220610
421WBAJN51070B26,BMW,5er-Reihe,265,Diesel,41250,20230703
2275WBA5V31020FK,BMW,3er-Reihe,150,Diesel,41250,20220519
2406WBA31AD0805S,BMW,X1,150,Diesel,41250,20220422
2709WBAJA9103JB3,BMW,5er-Reihe,184,Hybrid,41009,20220216
2461WBA6L31040FK,BMW,3er-Reihe,150,Diesel,40920,20220406
2004WBA71AC02N5T,BMW,X1,150,Diesel,40904,20220721
1433WBA31DY070FK,BMW,3er-Reihe,190,Diesel,40804,20221221
1652WBA6L31050FK,BMW,3er-Reihe,150,Diesel,40700,20221018
2922WBA71AC0205U,BMW,X1,149,Diesel,40700,20210820
394WBA8H31030A47,BMW,3er-Reihe,326,Benzin,40700,20230710
2242WBA6L31040FJ,BMW,3er-Reihe,150,Diesel,40700,20220525
2351WBA5V31050FJ,BMW,3er-Reihe,149,Diesel,40700,20220429
619WBATX71000LG1,BMW,X3,265,Diesel,40700,20230601
1943WBATR51080LA,BMW,X3,184,Benzin,40700,20220804
801WBAUZ35060N00,BMW,X3,190,Diesel,40690,20230502
304WBA6K31040FL0,BMW,3er-Reihe,183,Benzin,40689,20230731
1777WBATX310X0LB,BMW,X3,190,Diesel,40689,20220915
1331WBATR51010LF,BMW,X3,184,Benzin,40689,20230120
484WBA71AD0605T1,BMW,X1,190,Diesel,40689,20230622
2467WBATX31020LB,BMW,X3,190,Diesel,40590,20220404
665WBA5V71020AH8,BMW,3er-Reihe,190,Diesel,40590,20230524
1541WBA31AD0405P,BMW,X1,150,Diesel,40590,20221125
1544WBA5F31040FH,BMW,3er-Reihe,183,Benzin,40590,20221124
2816WBA31AD0605T,BMW,X1,150,Diesel,40590,20220118
1147WBA8Y31060G4,BMW,3er-Reihe,326,Benzin,40590,20230306
2495WBAJA91050G9,BMW,5er-Reihe,184,Hybrid,40590,20220331
313WBA5V31020AK8,BMW,3er-Reihe,150,Diesel,40590,20230728
1423WBA31AA0805V,BMW,X1,306,Benzin,40590,20221223
1182WBA31AA0705U,BMW,X1,136,Benzin,40579,20230228
1092WBA31AA0X05U,BMW,X1,136,Benzin,40579,20230315
1066WBA31AA0405U,BMW,X1,136,Benzin,40579,20230317
1021WBA31AA0105U,BMW,X1,135,Benzin,40579,20230327
1259WBA6L51030FJ,BMW,3er-Reihe,190,Diesel,40536,20230213
901WBA21FU090FN5,BMW,3er-Reihe,150,Diesel,40531,20230413
719WBA31AE0405P6,BMW,X1,190,Diesel,40480,20230516
2341WBA8T51040B4,BMW,3er-Reihe,190,Diesel,40480,20220503
480WBAJC51090G85,BMW,5er-Reihe,190,Diesel,40326,20230622
1151WBA31AA06N5T,BMW,X1,135,Benzin,40233,20230303
2475WBAJC51050G4,BMW,5er-Reihe,190,Diesel,40151,20220401
1693WBA31AC0405S,BMW,X1,116,Diesel,40150,20221007
2318WBAJD11070G8,BMW,5er-Reihe,265,Diesel,40150,20220512
2388WBAJR11020WW,BMW,5er-Reihe,184,Benzin,40064,20220423
81WBA5V71080AH89,BMW,3er-Reihe,190,Diesel,40029,20230914
696WBA31AE0805U3,BMW,X1,190,Diesel,39930,20230517
2800WBA5W71090FK,BMW,3er-Reihe,122,Diesel,39820,20220121
2253WBA31AD0905T,BMW,X1,150,Diesel,39600,20220524
3015WBA5V71080AH,BMW,3er-Reihe,190,Diesel,39600,20200828
2537WBA6L31050FK,BMW,3er-Reihe,150,Diesel,39600,20220322
1565WBAJP51010BU,BMW,5er-Reihe,190,Diesel,39600,20221117
1115WBA31AA0505U,BMW,X1,135,Benzin,39600,20230310
151WBA5V31070FM2,BMW,3er-Reihe,150,Diesel,39600,20230831
2750WBAJN51080G9,BMW,5er-Reihe,265,Diesel,39600,20220204
994WBA31AA0505U0,BMW,X1,135,Benzin,39600,20230331
2547WBA6L31020FK,BMW,3er-Reihe,150,Diesel,39589,20220318
2915WBAJH710X03G,BMW,X1,150,Diesel,39589,20210910
1429WBA11DY010FK,BMW,3er-Reihe,190,Diesel,39589,20221222
2477WBA31AA0305U,BMW,X1,140,Benzin,39589,20220401
477WBA71AD0605T1,BMW,X1,190,Diesel,39490,20230622
373WBAJP91060CD3,BMW,5er-Reihe,184,Benzin,39490,20230713
2408WBATX31090LC,BMW,X3,190,Diesel,39380,20220421
2761WBA6L31090FK,BMW,3er-Reihe,150,Diesel,39303,20220202
878WBAJN3108LCE5,BMW,5er-Reihe,265,Diesel,39270,20230419
2315WBAJM91060BH,BMW,5er-Reihe,190,Benzin,39051,20220512
386WBATX35070NC1,BMW,X3,190,Diesel,39051,20230711
369WBATX35000NC0,BMW,X3,190,Diesel,39050,20230714
74WBAJN51020B266,BMW,5er-Reihe,265,Diesel,39050,20230915
1491WBAJM91020BH,BMW,5er-Reihe,190,Diesel,38902,20221209
219WBATX35020NE0,BMW,X3,190,Diesel,38775,20230818
2538WBA6L31050FK,BMW,3er-Reihe,150,Diesel,38631,20220322
2224WBAJC51000WE,BMW,5er-Reihe,190,Diesel,38500,20220531
3170WBATX31030LB,BMW,X3,190,Diesel,38500,20180320
359WBA31AA0X05U1,BMW,X1,136,Benzin,38489,20230719
107WBAJC51070G85,BMW,5er-Reihe,190,Diesel,38489,20230912
1266WBA18DY0908B,BMW,3er-Reihe,190,Diesel,38489,20230210
1005WBA31AA0105U,BMW,X1,135,Benzin,38489,20230330
824WBA31AA0105U0,BMW,X1,135,Benzin,38489,20230428
803WBA31AA0305U0,BMW,X1,135,Benzin,38489,20230502
2724WBAJP310X0BT,BMW,5er-Reihe,190,Diesel,38457,20220214
1718WBAJC51090WC,BMW,5er-Reihe,190,Diesel,38401,20220930
249WBA31AD0703L3,BMW,X1,150,Diesel,38390,20230810
500WBA31AA0405V0,BMW,X1,140,Benzin,38390,20230620
2996WBA5P91030FK,BMW,3er-Reihe,184,Hybrid,38390,20201104
694WBAJC51090WB8,BMW,5er-Reihe,190,Diesel,38390,20230519
1459WBA31DY000FJ,BMW,3er-Reihe,190,Diesel,38390,20221216
571WBAUZ35070NE0,BMW,X3,190,Diesel,38390,20230607
48WBATR91080LC55,BMW,X3,251,Benzin,38390,20230921
2802WBATX31040LC,BMW,X3,190,Diesel,38379,20220121
2409WBA5V31010FK,BMW,3er-Reihe,150,Diesel,38368,20220421
1770WBA5V31080FK,BMW,3er-Reihe,150,Diesel,38368,20220919
47WBA31DX030CD86,BMW,5er-Reihe,190,Diesel,38104,20230921
2673WBA5V51020AJ,BMW,3er-Reihe,190,Diesel,38049,20220222
855WBA31AA0605U1,BMW,X1,136,Benzin,37961,20230421
2580WBAJK51000BX,BMW,5er-Reihe,184,Benzin,37951,20220311
1462WBA5V71000FH,BMW,3er-Reihe,190,Diesel,37950,20221216
2182WBA31AA0305S,BMW,X1,140,Benzin,37950,20220610
872WBA31AA0205U0,BMW,X1,140,Benzin,37950,20230419
2858WBA31AD0X05U,BMW,X1,150,Diesel,37950,20220107
894WBA31AA0405U2,BMW,X1,135,Benzin,37950,20230414
1404WBAJM91010BE,BMW,5er-Reihe,190,Diesel,37950,20221229
1871WBAJH71070EM,BMW,X1,150,Diesel,37928,20220824
1438WBAJJ1103K5N,BMW,X1,190,Diesel,37917,20221221
1214WBA31AD0005P,BMW,X1,150,Diesel,37917,20230221
312WBATR9502KNC8,BMW,X3,252,Benzin,37532,20230728
1020WBA31AA0105U,BMW,X1,135,Benzin,37468,20230327
1332WBATR51010LF,BMW,X3,184,Benzin,37400,20230120
303WBAJC51060WB8,BMW,5er-Reihe,190,Diesel,37400,20230731
1935WBA11AB0705P,BMW,X1,192,Benzin,37389,20220804
1195WBAWZ5108H0Y,BMW,X3,190,Diesel,37389,20230224
2667WBA5V31030FK,BMW,3er-Reihe,150,Diesel,37389,20220223
398WBAJN51060B26,BMW,5er-Reihe,265,Diesel,37290,20230707
2024WBA6L31070FK,BMW,3er-Reihe,150,Diesel,37268,20220714
1264WBATX51050LG,BMW,X3,231,Diesel,37209,20230210
1037WBA6L51030FJ,BMW,3er-Reihe,190,Diesel,36850,20230323
3071WBA5V31060FH,BMW,3er-Reihe,150,Diesel,36828,20191018
2111WBA5K31040G5,BMW,5er-Reihe,258,Diesel,36432,20220624
1633WBATX71020LB,BMW,X3,265,Diesel,36300,20221021
79WBA5V71080AH89,BMW,3er-Reihe,190,Diesel,36300,20230914
3013WBA5V31080FH,BMW,3er-Reihe,150,Diesel,36289,20200903
3048WBA31AD0705P,BMW,X1,150,Diesel,36289,20200110
813WBA5V31080FK9,BMW,3er-Reihe,150,Diesel,36190,20230428
675WBA71AB0805S1,BMW,X1,125,Benzin,36190,20230522
1805WBA8X11020BH,BMW,3er-Reihe,150,Diesel,35942,20220908
1326WBAJC51040WC,BMW,5er-Reihe,190,Diesel,35751,20230124
2932WBA31AD0303M,BMW,X1,150,Diesel,35750,20210727
1639WBA6L31090FK,BMW,3er-Reihe,150,Diesel,35750,20221020
3229WBAWZ510700M,BMW,X3,190,Diesel,35739,20161103
2976WBA5W71020FK,BMW,3er-Reihe,122,Diesel,35695,20210128
802WBA31AA0305U0,BMW,X1,135,Benzin,35510,20230502
3014WBA5V71050AH,BMW,3er-Reihe,190,Diesel,35200,20200903
497WBA6L71090FH7,BMW,3er-Reihe,190,Diesel,35189,20230621
975WBA6L51010FJ1,BMW,3er-Reihe,190,Diesel,35189,20230403
27WBATX31090LB60,BMW,X3,190,Diesel,35178,20230928
1118WBA6L31000FJ,BMW,3er-Reihe,150,Diesel,35090,20230309
1345WBAJH710303J,BMW,X1,149,Diesel,35090,20230117
1016WBA8C5101J5L,BMW,3er-Reihe,190,Diesel,35090,20230328
347WBA6L31090FL6,BMW,3er-Reihe,150,Diesel,34980,20230720
1875WBAJH510X03J,BMW,X1,150,Diesel,34760,20220824
885WBA6L31040FK5,BMW,3er-Reihe,150,Diesel,34760,20230417
925WBA31AD0905P2,BMW,X1,150,Diesel,34650,20230410
1099WBAWZ510900M,BMW,X3,190,Diesel,34606,20230313
244WBA5V31010FJ3,BMW,3er-Reihe,150,Diesel,34100,20230811
2146WBAJP91050CD,BMW,5er-Reihe,184,Benzin,34100,20220615
1604WBAJH710303J,BMW,X1,150,Diesel,34100,20221104
1430WBA5W71080FK,BMW,3er-Reihe,122,Diesel,33990,20221222
2882WBAJH710203G,BMW,X1,149,Diesel,33550,20220103
1145WBAJN51010G9,BMW,5er-Reihe,265,Diesel,33484,20230306
343WBA31AE0203L3,BMW,X1,190,Diesel,33440,20230720
657WBAJP31060BT9,BMW,5er-Reihe,190,Diesel,32989,20230525
1853WBA8F71040K4,BMW,3er-Reihe,313,Diesel,32989,20220831
1782WBAWZ510200M,BMW,X3,190,Diesel,32989,20220914
2176WBA8J11020A6,BMW,3er-Reihe,190,Diesel,32945,20220610
2518WBAHT910205F,BMW,X1,150,Diesel,32941,20220328
2736WBAWZ510500M,BMW,X3,190,Diesel,32890,20220210
368WBAHU510505H9,BMW,X1,231,Diesel,32780,20230714
2961WBAJN51080G9,BMW,5er-Reihe,265,Diesel,32780,20210422
3171WBA5K31040G7,BMW,5er-Reihe,258,Diesel,32593,20180313
146WBAJG110303J5,BMW,X1,140,Benzin,32560,20230901
2918WBAWZ510X00M,BMW,X3,190,Diesel,32450,20210902
2748WBAHT910X05F,BMW,X1,150,Diesel,32450,20220204
2762WBAHU310605H,BMW,X1,190,Diesel,32439,20220202
1293WBA5V31090FH,BMW,3er-Reihe,150,Diesel,32280,20230202
1872WBAJH510X03J,BMW,X1,150,Diesel,31900,20220824
1955WBA8C910X0A0,BMW,3er-Reihe,190,Diesel,31889,20220801
3110WBAHT910203F,BMW,X1,150,Diesel,31889,20190130
3185WBAHT910X05F,BMW,X1,150,Diesel,31889,20171117
2901WBA8C91050K6,BMW,3er-Reihe,190,Diesel,31878,20211118
838WBAJF31000BJ0,BMW,5er-Reihe,190,Diesel,31790,20230427
293WBAJH51030EK9,BMW,X1,150,Diesel,31680,20230802
1148WBAJN51010G9,BMW,5er-Reihe,265,Diesel,31680,20230306
736WBAJH710603G1,BMW,X1,150,Diesel,31543,20230512
455WBA71AC0903L3,BMW,X1,150,Diesel,31543,20230628
1406WBAHU310805H,BMW,X1,190,Diesel,31350,20221229
449WBAHT910403F0,BMW,X1,150,Diesel,31350,20230629
1144WBAHS910205H,BMW,X1,192,Benzin,31306,20230306
2792WBAHS910705F,BMW,X1,192,Benzin,31240,20220125
1302WBAHT910X05J,BMW,X1,150,Diesel,31240,20230131
2433WBA8T51020G7,BMW,3er-Reihe,190,Diesel,31130,20220414
2721WBA5K31080G2,BMW,5er-Reihe,258,Diesel,31042,20220214
2311WBAHT910905F,BMW,X1,150,Diesel,30800,20220513
1812WBATX31050LB,BMW,X3,190,Diesel,30800,20220907
837WBAJG110X05N5,BMW,X1,140,Benzin,30789,20230427
2840WBAJM7109JB0,BMW,5er-Reihe,190,Diesel,30789,20220113
2340WBAHT910903E,BMW,X1,150,Diesel,30690,20220503
2091WBA8K91010A3,BMW,3er-Reihe,258,Diesel,30690,20220630
3201WBAHU310405H,BMW,X1,190,Diesel,30690,20170706
3094WBAJG110103G,BMW,X1,140,Benzin,30525,20190418
1472WBA8J11030K8,BMW,3er-Reihe,190,Diesel,30514,20221215
2040WBAHT910505E,BMW,X1,150,Diesel,30470,20220712
2814WBAHT710005J,BMW,X1,150,Diesel,30454,20220120
442WBA6L310X0FJ5,BMW,3er-Reihe,150,Diesel,30360,20230630
2854WBAJG91000EA,BMW,X1,231,Benzin,30250,20220107
430WBAJH710003G0,BMW,X1,149,Diesel,30250,20230630
1781WBAWZ510200M,BMW,X3,190,Diesel,30250,20220914
152WBA31AE0805S1,BMW,X1,190,Diesel,30250,20230831
365WBAJG91080EG2,BMW,X1,231,Benzin,30140,20230718
148WBAJG110303J5,BMW,X1,140,Benzin,29724,20230901
225WBA8T51070B34,BMW,3er-Reihe,190,Diesel,29700,20230817
3083WBAWZ510000M,BMW,X3,190,Diesel,29700,20190724
518WBAJG110005N8,BMW,X1,140,Benzin,29700,20230616
3078WBAJH110705N,BMW,X1,116,Diesel,29689,20190916
1864WBA8C91080K4,BMW,3er-Reihe,190,Diesel,29689,20220826
666WBAHU310405H5,BMW,X1,190,Diesel,29689,20230524
1382WBA8A51080AE,BMW,3er-Reihe,184,Benzin,29590,20230109
341WBAJH710X0EM5,BMW,X1,149,Diesel,29590,20230720
3242WBAWZ510200M,BMW,X3,190,Diesel,29579,20160610
2895WBAJP5105KBJ,BMW,5er-Reihe,190,Diesel,29370,20211209
3173WBAHT710005K,BMW,X1,150,Diesel,29260,20180307
31WBAWZ510X00M31,BMW,X3,190,Diesel,29151,20230926
1369WBAJP51010BU,BMW,5er-Reihe,190,Diesel,29150,20230112
772WBAHT910X05F1,BMW,X1,150,Diesel,29150,20230508
2429WBAHU310405E,BMW,X1,190,Diesel,29150,20220414
1993WBA5D31070GV,BMW,5er-Reihe,258,Diesel,29139,20220725
1341WBAJH510703G,BMW,X1,149,Diesel,28820,20230118
2626WBAHT510905F,BMW,X1,116,Diesel,28804,20220303
139WBAJN51000B25,BMW,5er-Reihe,265,Diesel,28600,20230904
725WBAWZ510400M0,BMW,X3,190,Diesel,28600,20230516
1931WBA5C710X0D8,BMW,5er-Reihe,218,Diesel,28589,20220805
282WBAHT910505F2,BMW,X1,150,Diesel,28567,20230804
917WBAHS910705E6,BMW,X1,191,Benzin,28490,20230412
1351WBAJH510603G,BMW,X1,149,Diesel,28270,20230113
2837WBAJM7109JB0,BMW,5er-Reihe,190,Diesel,28270,20220113
2746WBAHT710103D,BMW,X1,150,Diesel,27940,20220208
3233WBA5D31060GV,BMW,5er-Reihe,258,Diesel,27830,20160916
1450WBAJN51080B2,BMW,5er-Reihe,265,Diesel,27830,20221219
2789WBAHT710105K,BMW,X1,150,Diesel,27665,20220126
1524WBAJJ11020EF,BMW,X1,190,Diesel,27500,20221130
12WBAJA91010GJ01,BMW,5er-Reihe,183,Hybrid,27500,20231002
510WBA8J11030A97,BMW,3er-Reihe,190,Diesel,27489,20230619
544WBA8J11000A69,BMW,3er-Reihe,190,Diesel,27489,20230613
1924WBA8E31050A0,BMW,3er-Reihe,135,Benzin,27489,20220809
2490WBAJJ11010EF,BMW,X1,190,Diesel,27445,20220331
2297WBAHT910805J,BMW,X1,150,Diesel,27390,20220513
2462WBAHT710005J,BMW,X1,150,Diesel,27390,20220406
1117WBAWZ510600M,BMW,X3,190,Diesel,27390,20230309
1427WBA8H71020A7,BMW,3er-Reihe,150,Diesel,27143,20221222
2485WBAHT710305G,BMW,X1,150,Diesel,27005,20220331
2516WBA8J11030K5,BMW,3er-Reihe,190,Diesel,26950,20220329
2383WBAHT910405F,BMW,X1,150,Diesel,26950,20220425
2619WBA5K31010D4,BMW,5er-Reihe,258,Diesel,26950,20220304
700WBA8H71060A74,BMW,3er-Reihe,150,Diesel,26884,20230517
2186WBAJC510X0G4,BMW,5er-Reihe,190,Diesel,26840,20220609
2500WBAHT710305G,BMW,X1,150,Diesel,26785,20220331
3WBAHS910205H708,BMW,X1,192,Benzin,26400,20231020
2631WBA8J11050A9,BMW,3er-Reihe,190,Diesel,26400,20220302
1817WBAJC51090G8,BMW,5er-Reihe,190,Diesel,26400,20220907
3090WBA8H71040A7,BMW,3er-Reihe,150,Diesel,26400,20190607
686WBAWZ510800F6,BMW,X3,190,Diesel,26384,20230519
1418WBA3L31050K1,BMW,3er-Reihe,258,Diesel,26290,20221223
2694WBAWZ310100R,BMW,X3,150,Diesel,26290,20220217
3279WBA3D51020F7,BMW,3er-Reihe,184,Diesel,26279,20150115
856WBA8H71080A74,BMW,3er-Reihe,150,Diesel,26070,20230421
2531WBA3E31010K0,BMW,3er-Reihe,258,Diesel,25994,20220323
1921WBAJG11080EJ,BMW,X1,140,Benzin,25994,20220809
2859WBAHT710503D,BMW,X1,150,Diesel,25850,20220107
721WBA8H71020A97,BMW,3er-Reihe,149,Diesel,25850,20230516
2114WBAJG110703G,BMW,X1,140,Benzin,25850,20220623
1717WBAWZ510700M,BMW,X3,190,Diesel,25637,20220930
2152WBA5N61010D9,BMW,5er-Reihe,258,Diesel,25300,20220615
1461WBAJH110303G,BMW,X1,115,Diesel,25300,20221216
781WBA8H71060A74,BMW,3er-Reihe,150,Diesel,25300,20230505
2078WBA8C31080A0,BMW,3er-Reihe,150,Diesel,25300,20220701
2552WBA8C91030K6,BMW,3er-Reihe,190,Diesel,25289,20220318
2380WBAHT71070P9,BMW,X1,150,Diesel,25289,20220426
1316WBA8L71060A7,BMW,3er-Reihe,116,Diesel,25245,20230126
955WBA8H71070A72,BMW,3er-Reihe,149,Diesel,25190,20230406
2374WBAHT91070P9,BMW,X1,150,Diesel,24943,20220427
883WBAJD11040G88,BMW,5er-Reihe,265,Diesel,24860,20230418
1515WBA8J110X0K5,BMW,3er-Reihe,190,Diesel,24751,20221205
2795WBATX31010LC,BMW,X3,190,Diesel,24750,20220124
1936WBAJN51020G9,BMW,5er-Reihe,265,Diesel,24750,20220804
2591WBA5M01030D2,BMW,5er-Reihe,449,Benzin,24750,20220309
1257WBAHT910505J,BMW,X1,150,Diesel,24750,20230213
775WBAJH11030EN4,BMW,X1,88,Diesel,24640,20230508
19WBA5V31030AF47,BMW,3er-Reihe,150,Diesel,24420,20230929
2336WBAHT710505G,BMW,X1,150,Diesel,24189,20220505
1463WBAHT710405E,BMW,X1,150,Diesel,24189,20221216
1634WBAHT710505G,BMW,X1,150,Diesel,24090,20221021
1444WBA6L31060FJ,BMW,3er-Reihe,150,Diesel,23980,20221220
2529WBAHT910205F,BMW,X1,150,Diesel,23854,20220324
765WBA8J11020A19,BMW,3er-Reihe,190,Diesel,23760,20230510
1276WBAHT910X0P9,BMW,X1,150,Diesel,23738,20230209
1841WBA3D510X0J4,BMW,3er-Reihe,183,Diesel,23650,20220902
2852WBA5N61060D9,BMW,5er-Reihe,257,Diesel,23650,20220107
3283WBAWY310200F,BMW,X3,184,Diesel,23634,20140929
3215WBAHT910505F,BMW,X1,150,Diesel,23529,20170330
689WBAWZ510800F6,BMW,X3,190,Diesel,23345,20230519
438WBAJP510X0BJ2,BMW,5er-Reihe,190,Diesel,23100,20230630
2658WBAHT910405F,BMW,X1,150,Diesel,23100,20220224
2857WBA8H71010K8,BMW,3er-Reihe,150,Diesel,22990,20220107
793WBA3L310X0K18,BMW,3er-Reihe,258,Diesel,22880,20230503
1835WBAJH51010EM,BMW,X1,150,Diesel,22743,20220906
520WBA8H71010A13,BMW,3er-Reihe,150,Diesel,22550,20230616
2028WBAWZ510900M,BMW,X3,190,Diesel,22550,20220713
1831WBA5L51000G2,BMW,5er-Reihe,190,Diesel,22550,20220907
2479WBA3K51060K3,BMW,3er-Reihe,184,Diesel,22337,20220401
2432WBA5K71020D8,BMW,5er-Reihe,313,Diesel,22000,20220414
937WBA8C31060K70,BMW,3er-Reihe,150,Diesel,21984,20230407
3068WBA3K51070K1,BMW,3er-Reihe,184,Diesel,21978,20191031
515WBA8J11050A19,BMW,3er-Reihe,190,Diesel,21967,20230616
739WBA8J110X0K85,BMW,3er-Reihe,190,Diesel,21901,20230512
1089WBAJG11050EJ,BMW,X1,140,Benzin,21890,20230315
459WBA8F91010K43,BMW,3er-Reihe,115,Diesel,21890,20230627
2317WBAHT910405F,BMW,X1,150,Diesel,21890,20220512
1580WBA5E71020GZ,BMW,5er-Reihe,190,Diesel,21890,20221111
2687WBAWY310700F,BMW,X3,184,Diesel,21560,20220218
1500WBA3B11050F0,BMW,3er-Reihe,183,Benzin,21450,20221207
1627WBAJH71090ER,BMW,X1,149,Diesel,21450,20221024
667WBAJP51050BU5,BMW,5er-Reihe,190,Diesel,21450,20230524
2436WBA8C31090K3,BMW,3er-Reihe,149,Diesel,21450,20220412
2214WBAWY710800B,BMW,X3,312,Diesel,21010,20220602
276WBA8C51070P84,BMW,3er-Reihe,190,Diesel,20790,20230804
1810WBA8H71070K6,BMW,3er-Reihe,150,Diesel,20570,20220908
2803WBA8J11020K6,BMW,3er-Reihe,190,Diesel,20570,20220121
859WBAJN51070B25,BMW,5er-Reihe,265,Diesel,20501,20230420
1000WBAHT910405F,BMW,X1,150,Diesel,20460,20230330
3284WBA3G51010A2,BMW,3er-Reihe,245,Benzin,20350,20140822
2827WBAWZ310400F,BMW,X3,149,Diesel,20350,20220114
1378WBAHT910405J,BMW,X1,150,Diesel,20350,20230110
94WBA31AD0005S01,BMW,X1,150,Diesel,20020,20230913
2199WBAWY310700A,BMW,X3,184,Diesel,19800,20220607
835WBA3A11080J28,BMW,3er-Reihe,136,Benzin,19789,20230427
3249WBA8J31000F6,BMW,3er-Reihe,143,Diesel,19679,20160302
2878WBAJG11060ED,BMW,X1,140,Benzin,19580,20220103
512WBAJF51090WW0,BMW,5er-Reihe,190,Diesel,19520,20230619
1393WBAXG11090C5,BMW,5er-Reihe,183,Benzin,19470,20230104
2812WBAXA11090DX,BMW,5er-Reihe,218,Diesel,19250,20220120
1547WBA5H310X0D2,BMW,5er-Reihe,306,Benzin,19250,20221124
2187WBA3Y310XFD6,BMW,3er-Reihe,184,Diesel,19250,20220609
2836WBA3C310X0F1,BMW,3er-Reihe,184,Benzin,19250,20220113
860WBAJG110003J5,BMW,X1,140,Benzin,19250,20230420
1412WBAJH51050EL,BMW,X1,150,Diesel,19250,20221228
2587WBA3A51070F2,BMW,3er-Reihe,245,Benzin,19250,20220310
1545WBA5H310X0D2,BMW,5er-Reihe,306,Benzin,18865,20221124
2400WBAFV31040DZ,BMW,5er-Reihe,258,Diesel,18700,20220422
1251WBAVP71060V2,BMW,X1,142,Diesel,18700,20230214
2647WBA8H71090A7,BMW,3er-Reihe,150,Diesel,18700,20220228
973WBAJE31020G59,BMW,5er-Reihe,190,Diesel,18590,20230403
905WBA8C91090A01,BMW,3er-Reihe,190,Diesel,18260,20230413
1710WBAHT710203D,BMW,X1,150,Diesel,18150,20221003
590WBA8X11080BH2,BMW,3er-Reihe,150,Diesel,18150,20230606
2269WBAVY11070VZ,BMW,X1,115,Diesel,18150,20220519
323WBAWZ310200R7,BMW,X3,149,Diesel,18150,20230726
2716WBAWY310700F,BMW,X3,184,Diesel,17600,20220215
1370WBAHT710305J,BMW,X1,150,Diesel,17380,20230112
2883WBA8E31000A0,BMW,3er-Reihe,136,Benzin,17380,20220103
1932WBA3K11080F8,BMW,3er-Reihe,143,Diesel,17125,20220805
3062WBA5L51020G0,BMW,5er-Reihe,190,Elektro,17050,20191126
2876WBAHT710X0P9,BMW,X1,150,Diesel,16720,20220103
938WBA8C31060K70,BMW,3er-Reihe,150,Diesel,16720,20230407
1294WBAHT91000P9,BMW,X1,150,Diesel,16500,20230202
1228WBAWK71070PX,BMW,3er-Reihe,170,Benzin,16489,20230216
2038WBA5L51000D6,BMW,5er-Reihe,190,Diesel,16280,20220713
1038WBA5J910X0D4,BMW,5er-Reihe,218,Diesel,15180,20230323
887WBAFU71070C69,BMW,5er-Reihe,305,Benzin,15070,20230417
1003WBA5V71030AH,BMW,3er-Reihe,190,Diesel,14850,20230330
726WBA5J91010D49,BMW,5er-Reihe,218,Diesel,14630,20230515
794WBA5C31020D76,BMW,5er-Reihe,183,Diesel,14410,20230503
2561WBAPP31090A7,BMW,3er-Reihe,184,Diesel,14289,20220316
2486WBAWY310700A,BMW,X3,183,Diesel,14190,20220331
1272WBA3D11080J6,BMW,3er-Reihe,143,Diesel,14080,20230209
929WBA3Z71040D15,BMW,3er-Reihe,184,Benzin,14036,20230407
137WBA8L71080A04,BMW,3er-Reihe,115,Diesel,13750,20230905
1847WBA8C31080A0,BMW,3er-Reihe,150,Diesel,13739,20220901
262WBAMX11010C88,BMW,5er-Reihe,184,Diesel,13640,20230809
1281WBA8Y51070G4,BMW,3er-Reihe,150,Diesel,13530,20230208
1256WBAXB91010DX,BMW,5er-Reihe,218,Diesel,13530,20230213
2353WBAVP71000VW,BMW,X1,142,Diesel,13310,20220429
2482WBA3D51050F7,BMW,3er-Reihe,184,Diesel,13200,20220401
980WBAHS11030P89,BMW,X1,136,Benzin,13090,20230403
3270WBA3D91000J4,BMW,3er-Reihe,116,Diesel,13030,20150420
1139WBAUW71030A6,BMW,3er-Reihe,176,Diesel,12870,20230307
2613WBAFW11010DU,BMW,5er-Reihe,183,Diesel,12650,20220304
718WBA3Y51080D66,BMW,3er-Reihe,183,Diesel,12650,20230516
1200WBAMW91050DV,BMW,5er-Reihe,258,Diesel,12650,20230223
2872WBAMX11050DY,BMW,5er-Reihe,183,Diesel,12650,20220104
2036WBAFS11040C5,BMW,5er-Reihe,204,Benzin,12320,20220713
552WBA3D510X0F86,BMW,3er-Reihe,183,Diesel,12100,20230612
1766WBAWY31010L6,BMW,X3,183,Diesel,11880,20220920
958WBAWY310000A7,BMW,X3,183,Diesel,11825,20230405
2320WBAVP71090VW,BMW,X1,143,Diesel,11625,20220512
3257WBAVP71070V2,BMW,X1,143,Diesel,11550,20151013
1920WBA8E31050A0,BMW,3er-Reihe,135,Benzin,11330,20220809
2015WBA8H71090K6,BMW,3er-Reihe,150,Diesel,11330,20220719
1065WBAVM91040VT,BMW,X1,183,Benzin,11220,20230317
2652WBA3D91090F4,BMW,3er-Reihe,115,Diesel,11000,20220225
3204WBAFW11030C6,BMW,5er-Reihe,184,Diesel,11000,20170614
2218WBAPF31000A3,BMW,3er-Reihe,122,Benzin,10890,20220601
3313WBAVP71010VW,BMW,X1,143,Diesel,10890,20130111
1832WBAWY31090L5,BMW,X3,184,Diesel,10780,20220906
1621WBAVP71060VW,BMW,X1,143,Diesel,10004,20221025
149WBAFW11090DU1,BMW,5er-Reihe,183,Diesel,9900,20230901
1519WBASP61070C7,BMW,5er-Reihe,244,Diesel,9900,20221202
1999WBAFW11070DX,BMW,5er-Reihe,184,Diesel,9900,20220722
389WBAJG110203G8,BMW,X1,140,Benzin,9900,20230711
404WBAWY310800A5,BMW,X3,183,Diesel,9790,20230706
1660WBAWX310000G,BMW,X3,184,Elektro,9680,20221014
587WBAVD91000A26,BMW,3er-Reihe,231,Diesel,9570,20230606
2828WBAWY310400F,BMW,X3,184,Diesel,9471,20220114
3260WBAVN71040VY,BMW,X1,143,Diesel,9350,20150904
754WBAPH31020A17,BMW,3er-Reihe,218,Benzin,9240,20230510
2106WBAFW11060C2,BMW,5er-Reihe,183,Diesel,9020,20220627
1373WBANX51090CT,BMW,5er-Reihe,197,Diesel,8800,20230111
1906WBAMX31060C7,BMW,5er-Reihe,204,Diesel,8800,20220816
3054WBAXB91060DW,BMW,5er-Reihe,217,Diesel,8800,20191210
2823WBA5E51030G0,BMW,5er-Reihe,190,Diesel,8250,20220117
2669WBAVP11020VU,BMW,X1,142,Diesel,8140,20220222
3179WBA3K51040F1,BMW,3er-Reihe,184,Diesel,8140,20180125
1458WBAUY51030F0,BMW,3er-Reihe,115,Diesel,8030,20221216
1322WBAVP71030VW,BMW,X1,143,Diesel,8030,20230125
2596WBAWN31000PY,BMW,3er-Reihe,218,Benzin,7920,20220309
2244WBAVP71090VW,BMW,X1,143,Diesel,7920,20220525
3220WBA5J91080DZ,BMW,5er-Reihe,218,Diesel,7700,20170223
2508WBA3D31030J3,BMW,3er-Reihe,184,Diesel,7700,20220330
2220WBA3D31050F3,BMW,3er-Reihe,184,Diesel,7700,20220601
3327WBAPE11060WJ,BMW,X3,177,Diesel,7480,20110620
2598WBAVP31080VP,BMW,X1,177,Diesel,7370,20220309
680WBA3K51020K17,BMW,3er-Reihe,184,Diesel,7150,20230522
1236WBAPX31040C2,BMW,5er-Reihe,177,Diesel,7150,20230216
2243WBAVM71070VR,BMW,X1,218,Diesel,7150,20220525
1840WBAHU310X05E,BMW,X1,190,Elektro,6820,20220902
3325WBAVP11000VN,BMW,X1,143,Diesel,6600,20111227
2034WBAVG11040A5,BMW,3er-Reihe,143,Diesel,6050,20220713
1398WBAUZ310709B,BMW,X3,190,Diesel,6050,20230102
331WBA3K31070F65,BMW,3er-Reihe,183,Diesel,6050,20230724
3178WBAVP11040VN,BMW,X1,143,Diesel,6050,20180130
403WBAPE11070WJ5,BMW,X3,176,Diesel,5830,20230706
1796WBAFW11000DU,BMW,5er-Reihe,183,Diesel,5830,20220912
1143WBA3B11010J4,BMW,3er-Reihe,183,Benzin,5610,20230306
1317WBAVR51040K0,BMW,3er-Reihe,129,Benzin,5500,20230125
847WBAFW510X0C51,BMW,5er-Reihe,245,Diesel,5500,20230424
170WBAPP71070A60,BMW,3er-Reihe,176,Diesel,5500,20230828
1042WBAFV31040DP,BMW,5er-Reihe,258,Diesel,5280,20230323
2713WBANX31060CW,BMW,5er-Reihe,177,Diesel,5170,20220216
586WBAPF510X0A42,BMW,3er-Reihe,143,Benzin,5060,20230606
2525WBANP71000CS,BMW,5er-Reihe,231,Diesel,4950,20220325
1615WBAWY310X0L8,BMW,X3,184,Diesel,4950,20221028
1105WBAXC21090C9,BMW,5er-Reihe,258,Diesel,4510,20230313
2304WBA8L51030K3,BMW,3er-Reihe,116,Diesel,4070,20220513
3356WBAPA71070WB,BMW,X3,192,Benzin,3960,20060330
1830WBANE31030B9,BMW,5er-Reihe,177,Benzin,3960,20220907
1925WBA3D91040J2,BMW,3er-Reihe,115,Diesel,3850,20220809
1252WBA3K11090F8,BMW,3er-Reihe,142,Diesel,3850,20230214
622WBAPN11030VJ9,BMW,3er-Reihe,143,Diesel,3850,20230601
912WBAPE11010WH5,BMW,X3,176,Diesel,3762,20230413
437WBAPN31010VH0,BMW,3er-Reihe,176,Diesel,3630,20230630
2862WBAVV310X0A1,BMW,3er-Reihe,217,Benzin,3575,20220105
1876WBAWY310000A,BMW,X3,183,Diesel,3532,20220824
3308WBAPE71060WH,BMW,X3,142,Diesel,3520,20130426
2535WBAFW51060C5,BMW,5er-Reihe,244,Diesel,3300,20220323
2457WBAUT31020F0,BMW,3er-Reihe,143,Diesel,3300,20220408
2879WBAPC71090WD,BMW,X3,218,Benzin,3300,20220103
2863WBAVF310X0A0,BMW,3er-Reihe,122,Benzin,3135,20220105
1661WBAVG11080A2,BMW,3er-Reihe,142,Diesel,3080,20221014
3295WBA5J510X0D0,BMW,5er-Reihe,184,Diesel,2888,20140114
792WBAVP11000VN4,BMW,X1,143,Diesel,2860,20230503
110WBAVA51030VA6,BMW,3er-Reihe,129,Benzin,2530,20230912
2035WBAVA51020VA,BMW,3er-Reihe,129,Benzin,2420,20220713
981WBAPG11040E80,BMW,3er-Reihe,142,Diesel,2200,20230403
2638WBAXB91080DX,BMW,5er-Reihe,218,Diesel,2200,20220301
2593WBAWY510100A,BMW,X3,258,Diesel,2200,20220309
3244WBACA91070JF,BMW,3er-Reihe,116,Benzin,1870,20160523
3359WBAEP31030PE,BMW,3er-Reihe,192,Benzin,1760,20040323
18WBANC310X0CX73,BMW,5er-Reihe,163,Diesel,1540,20230929
445WBAPF31020A39,BMW,3er-Reihe,122,Benzin,1320,20230630
2163WBAAT91000AT,BMW,3er-Reihe,116,Elektro,1210,20220615
3001WBAVU11090KW,BMW,3er-Reihe,121,Diesel,660,20201005
1900WBAUX11090A6,BMW,3er-Reihe,142,Diesel,550,20220817
2682WBAEU51080KK,BMW,3er-Reihe,116,Diesel,440,20220218
1591WBACS21030AR,BMW,3er-Reihe,105,Benzin,220,20221110
